,ID_y,60,0,0,0,0,0
0,8,,0.41072166,-0.6429599,0.26603723,-0.06239413,-0.17818907
106,8,,0.41072166,-0.7040274,-0.5457738,-0.06239413,-0.053905882
105,8,,0.41072166,1.1901362,-1.9538627,-0.06239413,-0.7037349
104,8,,0.41072166,0.75958556,-0.5385185,-0.06239413,-1.9620599
103,8,,0.41072166,0.8614188,-0.061638445,-0.06239413,-2.1774132
74,8,,0.41072166,0.57174224,-0.23276177,-0.06239413,-0.90442276
73,8,,0.41072166,0.4781996,0.08549475,-0.06239413,-1.0896736
72,8,,0.41072166,0.6512585,0.0060487688,-0.06239413,-0.18166235
102,8,,0.41072166,-0.43974483,-0.27032983,-0.06239413,2.1639717
6,8,,0.41072166,-1.5967858,-2.3496172,-0.06239413,2.467807
71,8,,0.41072166,-0.9147882,-0.25413418,-0.06239413,2.641196
1,8,,0.41072166,0.1605991,-0.15335503,-0.06239413,-2.0063212
2,8,,0.41072166,-1.8257577,0.02383542,-0.06239413,0.17873517
3,8,,0.41072166,0.083282925,-0.3435235,-0.06239413,-0.3847665
75,8,,0.41072166,0.02887024,-1.1145864,-0.06239413,-1.3826236
5,8,,0.41072166,-0.5912525,-0.016130358,-0.06239413,2.0471058
4,8,,0.41072166,0.65222436,0.09518976,-0.06239413,0.46584782
83,56,,0.41072166,-2.0038447,0.38622475,-0.06239413,3.0828912
84,56,,0.41072166,1.5266016,-0.52475864,-0.06239413,-0.24882257
113,56,,0.41072166,0.39319986,0.27104762,-0.06239413,-0.5470409
114,56,,0.41072166,0.6815678,0.14503303,-0.06239413,0.7787586
115,56,,0.41072166,0.060067378,0.12993379,-0.06239413,0.39388308
116,56,,0.41072166,0.016600154,0.38356954,-0.06239413,-0.109458886
82,56,,0.41072166,0.11268252,0.3094659,-0.06239413,1.3303734
81,56,,0.41072166,-1.6024115,0.51045483,-0.06239413,1.4128574
112,56,,0.41072166,-0.4852684,0.18046197,-0.06239413,-0.54366
20,56,,0.41072166,-0.8427898,0.24030595,-0.06239413,0.9542492
157,56,,0.41072166,-0.37244228,0.29798308,-0.06239413,2.0485358
21,56,,0.41072166,0.35979342,-0.14127713,-0.06239413,0.3004517
19,56,,0.41072166,-0.6981619,0.46854603,-0.06239413,1.7514418
18,56,,0.41072166,0.11268252,0.44702643,-0.06239413,0.06957575
17,56,,0.41072166,-0.5032179,0.29501972,-0.06239413,0.89252394
16,56,,0.41072166,0.19644472,0.24655452,-0.06239413,-2.1757765
15,56,,0.41072166,0.10411522,-0.13822001,-0.06239413,1.660412
14,56,,0.41072166,0.30282268,0.41434485,-0.06239413,0.93520266
158,56,,0.41072166,-0.54237723,0.19105098,-0.06239413,2.0978508
159,56,,0.41072166,0.04106064,0.38365096,-0.06239413,0.9585183
160,56,,0.41072166,0.11268252,0.26493073,-0.06239413,1.3564533
161,56,,0.41072166,-0.21821395,0.12216563,-0.06239413,0.9308439
156,56,,0.41072166,-0.6611718,0.16757561,-0.06239413,1.9461101
9,66,,0.319091,0.12010894,0.06257664,-0.19993386,0.01269725
155,66,,0.319091,1.2377629,-1.3327,-0.9967503,-0.38521177
116,66,,0.319091,0.6871054,-0.46471694,-1.2995092,-0.8278065
153,66,,0.319091,0.68454903,-0.6634753,-0.19512561,0.16008928
152,66,,0.319091,0.39137104,-1.3093193,-0.29132026,0.35176346
151,66,,0.319091,0.20693317,0.2177295,-0.13709193,-0.025635332
213,66,,0.319091,0.56423354,-0.24239688,-0.2429536,-2.6406746
115,66,,0.319091,0.21761727,-0.119633265,-0.27331877,-1.6244805
114,66,,0.319091,0.36443034,0.19685762,-0.37986323,0.34609345
113,66,,0.319091,0.08077691,-0.1588816,-0.40121627,-0.54191977
12,66,,0.319091,0.3139488,-0.066021785,-0.4928825,-0.23980454
11,66,,0.319091,-0.14173944,-0.10482852,-0.2346471,-0.74550664
10,66,,0.319091,0.5847742,0.0048774034,-0.17211449,-0.5716113
154,66,,0.319091,0.41469154,-0.13732757,-0.54958916,0.23351952
214,66,,0.319091,1.0964605,-0.48937345,-0.16347918,-0.42511082
156,66,,0.319091,0.93239045,-0.5582655,-0.20866352,-0.6679331
216,66,,0.319091,-0.25230134,-0.37435067,0.15627559,-1.1382407
215,66,,0.319091,-0.69481456,-0.32925767,-0.16823475,-1.7548118
219,66,,0.319091,0.14188385,0.1967674,-0.6543499,-0.29498702
218,66,,0.319091,-0.6401727,-0.32466978,0.07143761,-0.66100574
217,66,,0.319091,0.44598135,-0.06471987,-0.30239147,-1.0086005
8,66,,0.319091,2.4195776,-0.15455556,-0.6091243,-1.1398135
121,67,,0.41072166,1.4303832,0.071500726,-0.06239413,-0.23777959
86,67,,0.41072166,-0.23654908,-0.048220485,-0.06239413,0.74791473
85,67,,0.41072166,0.14944173,1.6310718,-0.06239413,0.41396204
24,67,,0.41072166,-0.7126197,-0.108330995,-0.06239413,0.46640667
25,67,,0.41072166,1.0639174,0.14665672,-0.06239413,-0.04134909
26,67,,0.41072166,0.10656746,0.1952158,-0.06239413,0.8017132
23,67,,0.41072166,-0.82161045,0.5121562,-0.06239413,-0.014065571
22,67,,0.41072166,0.23157947,0.34305245,-0.06239413,1.1543388
162,67,,0.41072166,-0.78134876,0.68821394,-0.06239413,0.51149493
87,67,,0.41072166,0.05125649,-0.2595501,-0.06239413,0.055150308
164,67,,0.41072166,-1.2662733,0.12707157,-0.06239413,-1.633269
163,67,,0.41072166,-0.032506675,-0.11102459,-0.06239413,0.34495223
166,67,,0.41072166,0.10131199,0.1355815,-0.06239413,-0.8184721
167,67,,0.41072166,0.21105616,0.049805656,-0.06239413,0.32330987
168,67,,0.41072166,-1.1470957,-3.0010939e-05,-0.06239413,0.57482797
120,67,,0.41072166,0.49148813,0.95679843,-0.06239413,-1.3617603
119,67,,0.41072166,0.80412704,0.547552,-0.06239413,0.2537189
118,67,,0.41072166,0.09797455,-0.29257137,-0.06239413,2.77296
117,67,,0.41072166,-0.6902421,0.5383656,-0.06239413,0.20571849
165,67,,0.41072166,-0.1995337,0.0990134,-0.06239413,0.24176154
88,67,,0.41072166,-1.4827778,0.48120412,-0.06239413,1.7567892
117,86,,0.319091,0.13108784,-0.6280256,-0.24941711,-0.87957585
243,86,,0.319091,0.07845823,-0.8082439,0.21542858,0.10060394
42,86,,0.319091,-0.7553553,-1.8651005,-0.18862405,0.6565299
41,86,,0.319091,-0.11805134,-1.1967617,-0.3734917,0.33163372
124,86,,0.319091,-0.21874219,-1.4424255,-0.35137433,0.13827324
125,86,,0.319091,-0.412739,-1.1974633,-0.22199807,-0.58628273
38,86,,0.319091,-0.47079024,0.4141965,0.017552689,-0.3201518
39,86,,0.319091,-0.11448976,-1.4820901,-0.17295219,0.34080836
242,86,,0.319091,-0.7643973,-1.2459339,-0.37255406,0.47249183
37,86,,0.319091,-1.7700152,-0.93726265,0.90285933,0.39928368
36,86,,0.319091,-0.6543026,-2.1833506,-0.41463977,-0.63715374
35,86,,0.319091,-0.7321307,0.44456697,-0.117244616,0.30011788
19,86,,0.319091,-0.008661248,-0.7005538,-0.19685745,-0.4528309
18,86,,0.319091,-0.00832735,-0.6370637,-0.35422045,-0.42193022
17,86,,0.319091,0.50784075,-0.87957025,-0.5523203,-0.120941356
16,86,,0.319091,0.5141078,-0.34929934,-0.29628873,0.073759645
15,86,,0.319091,-0.21834728,-0.11968588,-0.276461,-0.83751345
14,86,,0.319091,0.2976285,-0.24846318,-0.22414699,-0.3720576
13,86,,0.319091,-0.25949875,0.16571511,-0.46942967,-0.19403556
40,86,,0.319091,-0.18118069,-1.7253329,-0.39724612,0.35334626
241,86,,0.319091,-0.4390827,-1.8125321,-0.23417497,0.5101191
118,86,,0.319091,-0.4537693,-1.1900656,-0.38070083,0.16320142
239,86,,0.319091,-0.90177965,-1.0888962,-0.59568423,0.6292622
240,86,,0.319091,0.38204154,-0.3715682,-0.17317632,-0.638572
225,86,,0.319091,-0.13212775,-0.5783806,-0.19778752,-0.27672973
224,86,,0.319091,-0.33554187,0.12059252,-0.65937465,-0.9975656
223,86,,0.319091,-0.45715395,0.0018654019,-0.3985206,-0.8534347
222,86,,0.319091,0.30730435,-0.11181897,-0.54202557,-0.347768
170,86,,0.319091,-0.5722545,-1.1630863,0.41027975,0.10454929
221,86,,0.319091,-0.22762762,-0.17518717,-0.40140074,-0.41347027
158,86,,0.319091,0.32637984,-0.70619684,-0.23713939,-0.12581022
157,86,,0.319091,0.7767843,0.52839375,-0.18935122,-0.027110726
220,86,,0.319091,0.07169957,-0.011777043,-0.16792926,-0.8241761
160,86,,0.319091,-0.24789709,0.24164884,-0.13781008,-0.19493076
171,86,,0.319091,-0.6807128,-1.0030779,-0.01832626,0.012932003
159,86,,0.319091,0.35331133,-0.17493056,-0.21753842,-0.7256135
238,86,,0.319091,-1.2256522,-1.4953529,-0.6471318,0.3756813
172,86,,0.319091,-1.0283881,-1.9039241,0.14666142,0.025642306
173,86,,0.319091,-1.5918771,-1.3095133,0.015543625,-0.2361502
174,86,,0.319091,-0.18682326,-0.6803103,0.06458528,0.6465633
22,87,,0.319091,0.95775056,-0.030070797,-0.37914568,-1.4873439
255,87,,0.319091,1.0665511,-1.4203539,-0.49159402,-0.70688224
254,87,,0.319091,0.3122839,-0.34708735,-0.3873955,-1.2881769
253,87,,0.319091,0.63813657,-0.15903121,-0.6667187,-1.0765079
178,87,,0.319091,0.80948216,-0.89443004,-0.21663079,-1.0344361
161,87,,0.319091,-0.1823512,-0.035219923,-0.15609197,-0.33714896
162,87,,0.319091,0.089131124,0.7125019,-0.15048549,0.44217852
26,87,,0.319091,-0.00811895,-0.17161165,-0.1939286,-0.6078881
163,87,,0.319091,-0.102702074,0.03742917,-0.28463846,-0.78973615
164,87,,0.319091,0.07367026,-0.7266941,0.014688998,-2.48525
249,87,,0.319091,-0.39038888,0.33288395,-0.13857184,-0.21127148
251,87,,0.319091,1.2146391,-0.1834271,-0.31862646,-1.5084084
21,87,,0.319091,-0.14004606,-0.024914071,-0.21840256,-0.8378319
252,87,,0.319091,0.13830394,-0.093026966,-0.41392815,-0.6149572
177,87,,0.319091,1.9362295,-0.0026455522,-0.18252456,-0.9222044
176,87,,0.319091,0.534273,-0.55683905,-0.19252239,-0.14936963
175,87,,0.319091,1.1368804,-0.3465296,-0.1742768,-1.2957072
182,87,,0.319091,0.9454018,0.44456065,-0.3486839,-0.07655695
181,87,,0.319091,1.1687232,0.17075936,-0.33017957,-0.44871128
20,87,,0.319091,0.55229616,0.5120848,-0.2846731,-0.7706466
25,87,,0.319091,-0.37788484,-0.18709841,-0.24599643,-0.9885502
24,87,,0.319091,0.32294872,-0.638567,-0.21365254,-0.47407094
23,87,,0.319091,-0.36642176,-0.005729735,-0.19875716,-0.68646127
250,87,,0.319091,-0.3217313,-0.5818728,-0.29689473,-1.545202
183,87,,0.319091,0.3925114,0.03405355,-0.48962224,0.12841621
45,87,,0.319091,-0.37279296,-0.079528764,-0.5104655,-0.6076195
46,87,,0.319091,1.3601646,-0.2011783,-0.68571436,-0.14984381
184,87,,0.319091,-0.10805074,-0.33961272,-0.59394634,-0.7090646
228,87,,0.319091,0.4101964,-0.059994385,-0.5273084,-0.81364536
229,87,,0.319091,-0.14576617,-0.5703028,-0.15488526,-0.8350259
230,87,,0.319091,-0.10215392,-0.5261997,-0.19845827,-0.8464045
231,87,,0.319091,1.2249347,-0.42793596,-0.18738762,0.2140545
247,87,,0.319091,0.68799764,-0.23924112,-0.15600562,-1.4740522
246,87,,0.319091,0.77963746,-0.17900273,-0.13857184,-0.9214511
245,87,,0.319091,0.5263369,-0.32416528,-0.18682525,0.54481494
244,87,,0.319091,0.6450219,-0.49818248,-0.23586953,-0.5227316
130,87,,0.319091,0.5633283,0.6967611,-0.5920135,-0.8478246
121,87,,0.319091,0.22333914,-0.6352911,-0.060687765,-0.71065533
129,87,,0.319091,-0.635523,0.65141004,-0.38344675,-0.8952874
128,87,,0.319091,0.082509,-0.05530183,-0.66613626,-0.26966196
126,87,,0.319091,-0.7424751,-0.2799823,-0.5712444,0.035186052
127,87,,0.319091,1.1054747,-0.2578378,-0.23687422,-0.08348659
120,87,,0.319091,0.0061203614,-0.12840621,-0.22338094,-1.4733098
119,87,,0.319091,-1.2269642,-0.26691237,-0.17158818,-0.28968054
180,87,,0.319091,0.22185677,-0.74652463,-0.6406429,-0.33929887
227,87,,0.319091,0.14476654,-0.7546716,-0.16149114,-0.26997456
47,87,,0.319091,0.96823764,0.14879577,-0.20512171,0.6043496
48,87,,0.319091,1.1721551,-0.3607738,-0.6106812,-0.23947872
49,87,,0.319091,0.9467201,-0.12138602,-0.24652658,0.032646894
50,87,,0.319091,-1.30387,0.66545343,-0.13857184,-1.0867456
51,87,,0.319091,0.5084445,-0.0244257,-0.4051124,-0.89096653
52,87,,0.319091,0.74680793,-0.11178616,-0.5512723,-0.42142928
53,87,,0.319091,0.032910235,-0.29873207,-0.30522546,0.06946874
44,87,,0.319091,-0.11876447,-0.50677896,-0.35180804,-2.7698748
54,87,,0.319091,-0.4783648,0.38074118,-0.55180675,-0.7932997
56,87,,0.319091,1.1148909,0.17296143,-0.30616802,-0.70880413
57,87,,0.319091,0.78252894,0.14945947,-0.23005617,-1.7520089
58,87,,0.319091,1.1212218,-0.25257504,-0.27381352,-2.066524
59,87,,0.319091,0.5119965,0.058521196,-0.30830878,-0.900427
60,87,,0.319091,-1.0012966,-0.74928474,-0.35504073,-0.1194403
226,87,,0.319091,-0.11305022,-0.5939168,-0.18725371,-1.381756
248,87,,0.319091,0.21233255,-0.27105796,-0.3695441,-0.36494756
55,87,,0.319091,0.26180384,0.104239956,-0.5294145,-1.2488437
179,87,,0.319091,0.11588649,-0.9098064,-0.1647393,-0.28867918
43,87,,0.319091,0.93778527,-0.42815447,-0.1951303,-1.5048379
30,88,,0.41072166,0.76716465,0.041264147,-0.06239413,-0.18096462
177,88,,0.41072166,0.9049246,1.2210181,-0.06239413,-1.9895318
176,88,,0.41072166,0.552845,1.4501176,-0.06239413,-0.1056386
175,88,,0.41072166,0.9069379,1.1069913,-0.06239413,-0.86097926
174,88,,0.41072166,0.4731459,-0.08939046,-0.06239413,0.20649818
173,88,,0.41072166,-0.030732006,0.2170465,-0.06239413,0.49021068
172,88,,0.41072166,-2.1250188,-0.15688014,-0.06239413,1.4370778
171,88,,0.41072166,0.90911555,0.29815516,-0.06239413,1.5128268
170,88,,0.41072166,-0.8341614,-0.22333622,-0.06239413,1.1353948
169,88,,0.41072166,1.0659984,0.16427992,-0.06239413,0.3059837
40,88,,0.41072166,0.77497536,1.1221881,-0.06239413,0.23871246
178,88,,0.41072166,1.0827079,0.8786108,-0.06239413,-1.0627459
39,88,,0.41072166,0.24022776,0.6208054,-0.06239413,0.95882946
37,88,,0.41072166,-0.3218305,0.6787464,-0.06239413,0.17740682
36,88,,0.41072166,0.11268252,0.94707733,-0.06239413,0.009293504
35,88,,0.41072166,1.156687,0.54967177,-0.06239413,-0.47505555
34,88,,0.41072166,0.29079953,-0.37128216,-0.06239413,0.76564324
33,88,,0.41072166,0.7394965,0.90587074,-0.06239413,0.35698792
32,88,,0.41072166,1.2535446,0.45444158,-0.06239413,0.062228344
31,88,,0.41072166,1.2600508,0.5354421,-0.06239413,0.6911764
29,88,,0.41072166,-0.43568605,0.16988225,-0.06239413,-0.4527339
28,88,,0.41072166,-0.031058699,0.08351967,-0.06239413,0.4122875
27,88,,0.41072166,-0.34810358,0.1681159,-0.06239413,0.4351668
38,88,,0.41072166,0.87939566,0.70435464,-0.06239413,0.81132466
179,88,,0.41072166,1.2552257,0.8491855,-0.06239413,-1.4722869
41,88,,0.41072166,0.12661687,0.65151525,-0.06239413,0.5458515
129,88,,0.41072166,0.2700613,0.45294732,-0.06239413,-0.31472304
91,88,,0.41072166,-0.0035489202,-0.5087542,-0.06239413,-0.7297303
92,88,,0.41072166,1.0623596,0.3714422,-0.06239413,-1.586262
93,88,,0.41072166,-0.16990194,0.352251,-0.06239413,-0.06508253
94,88,,0.41072166,1.1000626,0.7160034,-0.06239413,-2.6039631
180,88,,0.41072166,0.14355719,1.4448965,-0.06239413,-0.5341792
90,88,,0.41072166,1.2577734,0.55175865,-0.06239413,0.6399707
89,88,,0.41072166,0.11471597,0.16274148,-0.06239413,1.7492449
128,88,,0.41072166,0.26418063,0.390812,-0.06239413,0.1052384
127,88,,0.41072166,0.5012652,0.35298252,-0.06239413,0.94122845
126,88,,0.41072166,1.1173177,0.13767076,-0.06239413,-1.0105909
125,88,,0.41072166,0.39501977,0.41331288,-0.06239413,-0.99406505
124,88,,0.41072166,0.17242797,-0.08357507,-0.06239413,0.3998278
123,88,,0.41072166,0.28329074,-0.24367282,-0.06239413,0.6229054
122,88,,0.41072166,0.3346124,-0.12697771,-0.06239413,0.12995115
66,89,,0.319091,-0.38115707,-0.42879245,-0.3355369,-0.18545198
256,89,,0.319091,-0.85016745,0.17805119,-0.26640883,-0.28096196
257,89,,0.319091,-0.37671426,-0.4522068,-0.19068506,0.22461
165,89,,0.319091,0.60525846,-0.8526529,-0.23922086,0.518139
76,89,,0.319091,0.43481562,-0.2041884,-0.36319533,-0.24346954
75,89,,0.319091,-0.15296242,0.64659417,-0.53146654,-0.52802765
74,89,,0.319091,-0.056902178,-0.40799016,-0.2259436,-0.43397662
73,89,,0.319091,-0.28833508,0.24187063,-0.35360292,0.027166694
71,89,,0.319091,-0.44659817,0.02660136,-0.3492173,0.24610999
70,89,,0.319091,-0.25696635,-1.2930508,-0.21116412,0.09694293
69,89,,0.319091,-0.5913848,-0.23267996,-0.23734218,0.21807292
68,89,,0.319091,0.07681457,-0.422786,-0.3255535,-0.17100006
67,89,,0.319091,-0.50757086,-0.14047079,-0.26793393,0.10292813
77,89,,0.319091,0.17249253,-0.3028176,-0.16225806,-0.4951955
72,89,,0.319091,-0.3666477,0.24444722,-0.24625534,-0.46165043
167,89,,0.319091,0.54751503,-0.69904995,-0.20396242,0.14591411
169,89,,0.319091,0.039467894,-0.7169393,-0.15127288,-0.34060872
134,89,,0.319091,0.0043160245,0.1676272,-0.32447147,0.03721562
237,89,,0.319091,-0.08893361,0.37637782,0.003432259,0.44933966
236,89,,0.319091,-0.39512238,-0.01674889,-0.320912,0.15498069
235,89,,0.319091,-1.2606086,-0.10029645,-0.21767764,-0.07063252
234,89,,0.319091,-0.64642954,-0.18458566,-0.26199892,0.15899721
233,89,,0.319091,-1.0480769,-0.9755697,0.9037812,-0.16147432
232,89,,0.319091,-0.44215193,-0.118787676,-0.10059563,-1.0126501
133,89,,0.319091,-0.75131464,-0.407549,-0.18106562,-0.47811687
132,89,,0.319091,-0.8563386,-0.4748739,-0.17270169,-0.6548823
131,89,,0.319091,-0.74817175,-1.4248786,-0.36301345,-0.13253298
65,89,,0.319091,-1.133976,-0.37414828,-0.31982076,0.89162564
123,89,,0.319091,-0.6832093,-0.30959964,0.0370401,-1.2485077
122,89,,0.319091,-0.08648956,-0.3347909,-0.24962573,-0.09550068
168,89,,0.319091,0.6713145,-0.80159295,-0.10252802,-0.49956673
64,89,,0.319091,-0.62328756,-1.0279475,-0.2574535,0.3359153
258,89,,0.319091,-0.4299701,-0.54953235,0.09001084,0.010220408
62,89,,0.319091,-1.1359354,-0.32287413,-0.1831679,-0.083625495
263,89,,0.319091,-1.1605651,-0.24562524,-0.23619416,-0.7723936
264,89,,0.319091,-1.0738499,-0.044820726,-0.18383726,-0.4437241
265,89,,0.319091,-1.0090103,0.13236324,-0.17552713,-0.8659661
266,89,,0.319091,-1.5341151,-1.3923545,-0.7247636,-0.10640159
34,89,,0.319091,-1.8455327,-0.3890918,-0.19067502,0.29387996
33,89,,0.319091,0.103634186,-0.16829006,-0.28829232,-0.7461883
32,89,,0.319091,-0.71813965,-0.2695645,-0.4820258,0.34378418
31,89,,0.319091,-0.34074444,-0.5125146,-0.18854083,-0.41938716
30,89,,0.319091,0.35017136,0.5797398,-0.21328308,-0.15939182
29,89,,0.319091,-0.5073497,0.019256935,-0.2040501,-0.58886963
28,89,,0.319091,-0.020492934,0.116469726,-0.41689312,-0.9365511
27,89,,0.319091,-0.49139044,-0.062129274,-0.32301992,-0.082657546
63,89,,0.319091,-1.1366193,-0.87510335,-0.21294166,0.65865195
185,89,,0.319091,-0.22169912,-0.9581243,-0.11717892,0.09263906
186,89,,0.319091,-0.105447926,-1.1637543,-0.16470844,0.2698826
187,89,,0.319091,-0.5216947,-0.82510626,-0.17667776,0.28758886
188,89,,0.319091,-0.347746,-1.1428342,-0.13857184,0.23227897
189,89,,0.319091,0.4776676,-0.15152766,-0.1963269,0.15171745
190,89,,0.319091,0.022342183,-0.25481847,-0.20471159,0.31872222
262,89,,0.319091,-1.0962468,0.6938238,-0.10131036,-0.99439335
261,89,,0.319091,-1.1195943,-0.1536985,-0.23964196,-0.5275592
166,89,,0.319091,0.69581157,-0.83576596,-0.17165259,-0.34533605
61,89,,0.319091,-0.5378778,-0.081469744,-0.23414314,0.0021315515
260,89,,0.319091,-0.40120766,1.0031374,-0.19227353,-0.13022843
259,89,,0.319091,-0.8867935,0.08609407,-0.17864779,0.00018137693
13,105,,0.41072166,-0.16165239,0.1131172,-0.06239413,0.18761745
109,105,,0.41072166,0.07118047,0.23274653,-0.06239413,0.43429175
12,105,,0.41072166,1.6277173,0.17118987,-0.06239413,-0.07147054
107,105,,0.41072166,0.5565252,0.35199863,-0.06239413,-0.29080442
42,105,,0.41072166,-0.022292852,0.6101994,-0.06239413,-0.0995836
43,105,,0.41072166,-1.3589964,-0.33567828,-0.06239413,0.5574212
44,105,,0.41072166,0.11268252,-0.40724945,-0.06239413,0.46046218
45,105,,0.41072166,0.1049647,0.37964597,-0.06239413,-0.19320557
46,105,,0.41072166,-0.9128273,-0.14299709,-0.06239413,0.30902025
47,105,,0.41072166,0.05358588,-0.782497,-0.06239413,-0.24655676
48,105,,0.41072166,0.070667475,-0.515472,-0.06239413,-0.13817847
49,105,,0.41072166,0.11268252,0.2600042,-0.06239413,-0.21493122
50,105,,0.41072166,-0.7601469,0.17769486,-0.06239413,0.7248778
97,105,,0.41072166,-0.67274624,-0.06892221,-0.06239413,-0.18450698
110,105,,0.41072166,0.9154299,0.23569742,-0.06239413,-0.92267805
96,105,,0.41072166,-1.1390555,0.24274111,-0.06239413,-0.28420347
95,105,,0.41072166,-0.5588592,0.38433528,-0.06239413,0.7749684
134,105,,0.41072166,0.1667518,0.36579305,-0.06239413,-0.32982245
133,105,,0.41072166,1.3477597,-0.26219863,-0.06239413,-2.172238
132,105,,0.41072166,1.4270916,-0.99994355,-0.06239413,0.6520448
131,105,,0.41072166,0.84380764,0.37979382,-0.06239413,0.5633092
130,105,,0.41072166,0.7814309,-0.3630668,-0.06239413,-1.823552
80,105,,0.41072166,1.3206382,0.26750022,-0.06239413,0.10342031
79,105,,0.41072166,0.6076714,0.3773207,-0.06239413,0.13291377
78,105,,0.41072166,0.028520241,0.48680258,-0.06239413,0.070328616
77,105,,0.41072166,1.0702561,0.550083,-0.06239413,-1.4806617
76,105,,0.41072166,0.2128514,0.8622097,-0.06239413,-0.24486855
111,105,,0.41072166,0.16217932,0.549084,-0.06239413,0.4885421
108,105,,0.41072166,1.2686827,0.5435573,-0.06239413,-0.30369845
183,105,,0.41072166,0.86117464,0.25833327,-0.06239413,-0.12067739
155,105,,0.41072166,-0.29927456,0.058081202,-0.06239413,-2.6767857
154,105,,0.41072166,0.55575556,0.46085003,-0.06239413,-0.61040443
153,105,,0.41072166,-0.6746432,0.18821034,-0.06239413,0.41510624
152,105,,0.41072166,-0.25687906,-1.0361993,-0.06239413,0.10090359
151,105,,0.41072166,0.11268252,0.23347814,-0.06239413,-0.100600906
7,105,,0.41072166,0.11268252,1.4143662,-0.06239413,-0.38280347
8,105,,0.41072166,0.16933928,0.3753228,-0.06239413,-1.3339132
150,105,,0.41072166,0.06814668,0.34722784,-0.06239413,-0.14444056
182,105,,0.41072166,-0.062632546,0.40363455,-0.06239413,-0.2557518
135,105,,0.41072166,-0.22704321,0.24394065,-0.06239413,0.17338714
184,105,,0.41072166,-0.31878033,0.5126984,-0.06239413,0.9665554
9,105,,0.41072166,1.5345728,-0.068052515,-0.06239413,0.8610134
10,105,,0.41072166,1.1360238,0.5518302,-0.06239413,0.42385468
185,105,,0.41072166,0.022186778,-0.33370417,-0.06239413,0.32872424
11,105,,0.41072166,1.010261,1.1915619,-0.06239413,-1.00017
181,105,,0.41072166,0.34667438,0.14543809,-0.06239413,0.5579733
186,105,,0.41072166,0.11268252,0.48443487,-0.06239413,0.8018797
146,109,,0.319091,0.6804322,0.38453293,-0.30281347,-0.12505256
207,109,,0.319091,0.36327344,-0.24526508,-0.13857184,-0.8219648
150,109,,0.319091,0.26302192,-0.03442681,-0.13857184,0.16374227
149,109,,0.319091,0.36715862,-0.2692168,-0.32770747,-0.45780045
148,109,,0.319091,0.33811507,-0.17924565,-0.30695382,-0.13302907
147,109,,0.319091,0.59068215,-0.88525903,-0.5473303,0.11380285
7,109,,0.319091,0.22731629,0.33089578,-0.32355094,-0.52738065
1,109,,0.319091,0.60636485,-0.026583925,-0.46249557,-2.5172143
6,109,,0.319091,-0.32622766,0.08392201,-0.5518808,0.13433453
5,109,,0.319091,0.7275464,-0.30501276,-0.2290031,-1.1625774
4,109,,0.319091,-0.17608139,0.34370643,-0.16893646,-0.9653417
112,109,,0.319091,0.009239323,-0.1663406,-0.19158465,0.24235782
111,109,,0.319091,0.77544224,-0.6018341,-0.6463315,-0.26799065
3,109,,0.319091,0.4979777,-0.075864926,-0.22612748,-0.73015445
2,109,,0.319091,0.50642943,-0.17512025,-0.38658166,-0.33270144
208,109,,0.319091,1.7721367,-0.41379243,-0.13857184,-0.91858006
0,109,,0.319091,0.10297141,-0.2936176,-0.25230235,-0.32452524
209,109,,0.319091,0.8952025,-0.46263343,-0.16560657,-0.53786546
110,109,,0.319091,0.054609112,-0.30618048,-0.31972176,-0.4213673
109,109,,0.319091,-0.18047279,-0.11318979,-0.26707822,-0.5598441
212,109,,0.319091,-0.35810605,-0.21793288,-0.085718215,-1.4097383
211,109,,0.319091,0.61665696,0.2874509,-0.29632342,-0.80270743
210,109,,0.319091,0.26303223,-0.28437674,-0.20783514,-0.52849483
57,111,,0.41072166,1.684099,0.38817367,-0.06239413,-0.2052261
55,111,,0.41072166,2.0807388,0.17672472,-0.06239413,-2.382849
54,111,,0.41072166,2.2720726,0.13849433,-0.06239413,-1.2244631
56,111,,0.41072166,1.6848974,0.1572757,-0.06239413,-0.971161
58,111,,0.41072166,1.0553126,0.35727566,-0.06239413,-1.6379077
60,111,,0.41072166,0.11268252,0.49821675,-0.06239413,-0.59735084
59,111,,0.41072166,0.8502676,0.5642937,-0.06239413,-1.4448713
188,111,,0.41072166,0.48306805,0.21602893,-0.06239413,-1.1102755
53,111,,0.41072166,1.3233633,0.18885575,-0.06239413,-0.41399327
191,111,,0.41072166,0.11946146,0.21817581,-0.06239413,-0.15590325
190,111,,0.41072166,2.2717342,0.18406057,-0.06239413,-0.9564273
142,111,,0.41072166,0.89970475,0.2873662,-0.06239413,-0.885107
98,111,,0.41072166,0.051640853,0.2151212,-0.06239413,0.27432868
141,111,,0.41072166,-0.34025797,0.17781687,-0.06239413,-0.9237438
140,111,,0.41072166,0.1835129,0.09607626,-0.06239413,1.0326641
139,111,,0.41072166,0.39821982,0.31105494,-0.06239413,-2.244908
138,111,,0.41072166,0.17911172,0.6315246,-0.06239413,-1.3444518
137,111,,0.41072166,0.6976827,0.4446361,-0.06239413,0.17746136
136,111,,0.41072166,0.28568852,0.55998546,-0.06239413,-0.33623192
189,111,,0.41072166,2.9788606,0.15862042,-0.06239413,-0.7328164
99,111,,0.41072166,0.68306476,0.22357804,-0.06239413,-0.16466808
187,111,,0.41072166,0.6941161,0.5230426,-0.06239413,0.38218185
51,111,,0.41072166,1.7172043,0.2702458,-0.06239413,-0.8668533
52,111,,0.41072166,2.8656662,0.32172197,-0.06239413,-1.6626195
272,117,,0.319091,1.0811456,0.41951728,-0.47811228,1.8878039
271,117,,0.319091,-1.5623136,-0.49254268,-0.54629856,0.129336
196,117,,0.319091,-0.14772698,0.36010206,-0.30831462,-0.9086418
269,117,,0.319091,0.21900952,-0.323801,-0.33009905,0.8772172
268,117,,0.319091,-0.67142904,-0.306203,-0.42686445,-0.34403896
267,117,,0.319091,-0.09832185,-0.031322286,-0.16409984,1.8154565
195,117,,0.319091,-0.3292106,-0.5177026,-0.1529737,0.09530401
270,117,,0.319091,-0.6343559,0.59634,-0.081682,0.33284464
194,117,,0.319091,-0.6593984,-0.48573261,-0.21298027,-0.4554118
137,117,,0.319091,-0.048806798,-0.3794671,-0.6399971,0.642436
192,117,,0.319091,0.21469995,-0.5733279,-0.20173949,-0.100191385
85,117,,0.319091,-0.76169026,-0.14905463,-0.57724243,0.10794264
84,117,,0.319091,-0.25278497,0.31469893,-0.6544168,-0.35596156
83,117,,0.319091,-0.61275357,-0.032433614,-0.39386833,-0.5439676
82,117,,0.319091,-0.35931176,0.061455533,-0.44202214,-0.12723587
81,117,,0.319091,-0.36418813,0.2490169,-0.46626174,-0.9352617
80,117,,0.319091,-1.1753131,-0.13294934,-0.30413204,-0.25676155
79,117,,0.319091,-1.3122294,-0.21228434,-0.4354323,-0.23930365
78,117,,0.319091,-0.21667984,0.2535112,-0.060253657,-0.12096205
135,117,,0.319091,0.011110775,0.29507732,-0.4811257,-0.11680575
136,117,,0.319091,-0.52678245,0.37348056,-0.31315768,-0.01005578
86,117,,0.319091,-0.08573041,0.40390128,-0.15247405,0.25477073
193,117,,0.319091,-0.14024448,-0.39710978,-0.25658098,0.7004528
191,117,,0.319091,0.018544428,-0.020875886,-0.41327578,-0.38263613
62,130,,0.41072166,0.111500144,-0.09432721,-0.06239413,0.8611584
61,130,,0.41072166,0.7467808,0.3996865,-0.06239413,0.77272135
192,130,,0.41072166,-1.6835401,0.0774619,-0.06239413,0.574799
193,130,,0.41072166,-1.1104012,0.27802628,-0.06239413,1.595542
101,130,,0.41072166,0.6054547,-0.32896525,-0.06239413,1.4651994
100,130,,0.41072166,0.36957225,-0.34111333,-0.06239413,-0.21958888
194,130,,0.41072166,0.8713197,0.39067918,-0.06239413,-0.09910617
195,130,,0.41072166,1.4229589,0.2601123,-0.06239413,-0.5420776
143,130,,0.41072166,0.82771885,0.3151645,-0.06239413,-0.16675875
197,130,,0.41072166,-0.56194466,0.24559042,-0.06239413,-1.31255
145,130,,0.41072166,-0.17526644,0.23555513,-0.06239413,-1.4652911
146,130,,0.41072166,0.92291135,0.22222474,-0.06239413,-0.97585344
144,130,,0.41072166,1.1451471,0.18688327,-0.06239413,-0.13056067
147,130,,0.41072166,0.9776245,0.29266685,-0.06239413,-1.9660543
63,130,,0.41072166,-0.22935757,0.18016542,-0.06239413,0.50151896
64,130,,0.41072166,-0.4465626,-0.1878384,-0.06239413,-0.5774682
66,130,,0.41072166,0.34580854,0.47180328,-0.06239413,-1.0802213
67,130,,0.41072166,0.17183246,0.3745694,-0.06239413,-1.6194692
65,130,,0.41072166,0.5752814,0.13197626,-0.06239413,1.3933622
69,130,,0.41072166,1.4656088,0.2163166,-0.06239413,-2.269834
196,130,,0.41072166,0.5410166,0.43901828,-0.06239413,-1.4016613
149,130,,0.41072166,0.5882462,0.42153534,-0.06239413,-0.7535122
148,130,,0.41072166,0.49298707,0.20627014,-0.06239413,0.5617952
68,130,,0.41072166,0.9918913,0.34734568,-0.06239413,-2.701277
70,130,,0.41072166,1.2638254,1.232923,-0.06239413,-1.9550134
283,137,,0.319091,0.16028377,0.348369,-0.25104997,-0.786513
279,137,,0.319091,-0.16205585,-0.6050845,-0.32815385,-1.2005851
280,137,,0.319091,-0.45075563,0.22575177,-0.11017899,-1.5410703
281,137,,0.319091,0.23319587,0.1238492,-0.2772456,-0.6151959
282,137,,0.319091,0.27784008,0.3716861,-0.25435165,-0.38558847
284,137,,0.319091,0.409004,0.19631891,-0.16212635,-1.1656085
99,137,,0.319091,0.33436614,-0.06379886,-0.17721985,-0.94327474
206,137,,0.319091,0.67902523,-0.13713914,-0.18541636,-0.3507406
145,137,,0.319091,0.18975314,-0.18063028,-0.23151419,-1.0280893
144,137,,0.319091,0.36341977,-0.18201917,-0.2884162,-1.3619322
143,137,,0.319091,0.5628103,0.33165908,-0.36655658,-1.8238562
142,137,,0.319091,0.2358127,0.12727778,-0.9462901,-0.70578384
203,137,,0.319091,-0.054439925,0.21042614,-0.26032513,-1.2550737
98,137,,0.319091,0.40297386,0.08635281,-0.2380382,-0.8211789
202,137,,0.319091,-0.25067383,0.4646001,-0.20824116,-0.9404181
108,137,,0.319091,0.20942163,0.016392604,-0.1014221,-1.8520087
107,137,,0.319091,-0.07399192,0.15482481,-0.3317951,-2.8860798
106,137,,0.319091,0.27319363,0.08534618,-0.3123475,-2.0730736
105,137,,0.319091,0.5168581,-0.2318001,-0.327604,-2.1200936
205,137,,0.319091,-0.30004779,0.43649566,-0.32451344,-0.49255648
104,137,,0.319091,0.30736306,0.08720131,-0.27909392,-0.38259104
102,137,,0.319091,-0.10131564,-0.19283848,-0.34408897,0.425033
101,137,,0.319091,0.19970778,-0.30084842,-0.21952404,-0.7258742
100,137,,0.319091,-0.6720399,-0.32757714,-0.21885212,-0.68161666
103,137,,0.319091,0.05326479,-0.23417829,-0.26458356,-1.9954599
204,137,,0.319091,0.21360675,-0.4333824,-0.05278936,-2.496492
273,138,,0.319091,0.17284504,0.098409995,-0.211905,-0.5181285
274,138,,0.319091,0.031767793,0.33680797,-0.5865731,0.23579666
201,138,,0.319091,0.6149652,0.04027565,-0.5990378,0.37581494
275,138,,0.319091,-0.093303606,0.4142636,-0.4731748,0.26018205
276,138,,0.319091,0.08217993,0.2869777,-0.6692165,0.33733496
277,138,,0.319091,0.38808578,0.5306892,-0.39790314,-0.74099743
278,138,,0.319091,-0.014647327,-0.22398451,-0.13857184,-0.28041905
200,138,,0.319091,0.021415927,0.39388978,-0.69933176,0.44721368
199,138,,0.319091,0.25422582,0.21198006,-0.27124625,-0.057861626
198,138,,0.319091,0.18582061,0.2810719,-0.6433281,-0.25557068
197,138,,0.319091,0.0032853559,0.15003036,-0.3589819,1.1966006
140,138,,0.319091,0.5585229,0.3380139,-0.38487887,-0.39558148
139,138,,0.319091,0.025372602,0.20579092,-0.39017147,-0.4476836
138,138,,0.319091,-0.38917807,0.23916362,-0.3456216,-0.039568484
87,138,,0.319091,-0.105341546,0.24018179,-0.35412377,-0.12274225
88,138,,0.319091,-0.4733168,0.5131227,-0.30783132,-0.61145586
89,138,,0.319091,0.5437697,0.15495591,-0.5047107,-0.8746834
90,138,,0.319091,-0.2694489,0.24301247,-0.25953817,-0.15821248
91,138,,0.319091,0.33164522,0.2635283,-0.23285484,-0.04250586
92,138,,0.319091,-0.063377,-0.06740259,-0.18157043,-1.0540763
93,138,,0.319091,-0.229178,0.6068063,-0.53894746,-0.087686926
94,138,,0.319091,0.12845382,0.25997818,-0.5771068,-0.672539
95,138,,0.319091,-0.050502665,-0.28195822,-0.34054857,-0.4553931
96,138,,0.319091,0.39515194,0.25027966,-0.3164925,1.9786519
141,138,,0.319091,0.99729156,0.12437908,-0.3043742,0.53363335
97,138,,0.319091,-0.05521731,0.19267844,-0.34554744,0.02796188
